,AM,AMC,AN,C,CF,CFO,CFT,CN,CPD,CPT,CTX,CZA,DO,ENR,FT,GM,IPM,MRB,N,PRA,SXT,TE
AM,1.0,0.3728411336994311,0.0,0.13208808101090444,0.35594764830960135,0.0,0.10999078019042899,0.17605005983364655,0.0,0.0,0.0,0.0,0.11621267389856618,0.0,0.0,0.0,0.0,0.0,0.0,0.0,0.2384380245435477,0.1296118298420644
AMC,0.3728411336994311,1.0,0.0,0.0,0.0,0.059007757628815105,0.0,0.0,0.0,0.0,0.0,0.0,0.11818532561989187,0.0,0.0,0.0,0.0,0.0,0.0,0.0,0.0,0.15523609464165045
AN,0.0,0.0,1.0,0.0,0.0,0.0,0.0,0.0,0.0,0.0,0.0,0.0,0.0,0.0,0.0,0.0,0.0,0.0,0.0,0.0,0.0,0.0
C,0.13208808101090444,0.0,0.0,1.0,0.061136766385249425,0.0,0.27855665106182287,0.091441603466305,0.0,0.0,0.0,0.0,0.0,0.0,0.0,0.0,0.0,0.0,0.0,0.0,0.6208164880533512,0.0
CF,0.35594764830960135,0.0,0.0,0.061136766385249425,1.0,0.0,0.11841576485378452,0.0,0.0,0.0,0.0,0.0,0.061758500745422135,0.0,0.0,0.0,0.0,0.0,0.0,0.0,0.02248294521908274,0.13933146281419193
CFO,0.0,0.059007757628815105,0.0,0.0,0.0,1.0,0.45431701177943634,0.0,0.0,0.0,0.0,0.0,0.10358247085810351,0.0,0.0,0.0,0.0,0.0,0.0,0.0,0.22451133182548982,0.060343080432948844
CFT,0.10999078019042899,0.0,0.0,0.27855665106182287,0.11841576485378452,0.45431701177943634,1.0,0.0,0.0,0.0,0.0,0.0,0.22352760450445014,0.0,0.0,0.0,0.0,0.0,0.0,0.0,0.3861365919857691,0.20094547439619867
CN,0.17605005983364655,0.0,0.0,0.091441603466305,0.0,0.0,0.0,1.0,0.0,0.0,0.0,0.0,0.028604583651998687,0.0,0.0,0.0,0.0,0.0,0.0,0.0,0.08419173685698773,0.02660644501481891
CPD,0.0,0.0,0.0,0.0,0.0,0.0,0.0,0.0,1.0,0.0,0.0,0.0,0.0,0.0,0.0,0.0,0.0,0.0,0.0,0.0,0.0,0.0
CPT,0.0,0.0,0.0,0.0,0.0,0.0,0.0,0.0,0.0,1.0,0.0,0.0,0.0,0.0,0.0,0.0,0.0,0.0,0.0,0.0,0.0,0.0
CTX,0.0,0.0,0.0,0.0,0.0,0.0,0.0,0.0,0.0,0.0,1.0,0.0,0.0,0.0,0.0,0.0,0.0,0.0,0.0,0.0,0.0,0.0
CZA,0.0,0.0,0.0,0.0,0.0,0.0,0.0,0.0,0.0,0.0,0.0,1.0,0.0,0.0,0.0,0.0,0.0,0.0,0.0,0.0,0.0,0.0
DO,0.11621267389856618,0.11818532561989187,0.0,0.0,0.061758500745422135,0.10358247085810351,0.22352760450445014,0.028604583651998687,0.0,0.0,0.0,0.0,1.0,0.0,0.0,0.0,0.0,0.0,0.0,0.0,0.5594729046333426,0.8065481911727752
ENR,0.0,0.0,0.0,0.0,0.0,0.0,0.0,0.0,0.0,0.0,0.0,0.0,0.0,1.0,0.0,0.0,0.0,0.0,0.0,0.0,0.0,0.0
FT,0.0,0.0,0.0,0.0,0.0,0.0,0.0,0.0,0.0,0.0,0.0,0.0,0.0,0.0,1.0,0.0,0.0,0.0,0.0,0.0,0.0,0.04915677783921296
GM,0.0,0.0,0.0,0.0,0.0,0.0,0.0,0.0,0.0,0.0,0.0,0.0,0.0,0.0,0.0,1.0,0.0,0.0,0.0,0.0,0.0,0.0
IPM,0.0,0.0,0.0,0.0,0.0,0.0,0.0,0.0,0.0,0.0,0.0,0.0,0.0,0.0,0.0,0.0,1.0,0.0,0.0,0.0,0.0,0.0
MRB,0.0,0.0,0.0,0.0,0.0,0.0,0.0,0.0,0.0,0.0,0.0,0.0,0.0,0.0,0.0,0.0,0.0,1.0,0.0,0.0,0.0,0.0
N,0.0,0.0,0.0,0.0,0.0,0.0,0.0,0.0,0.0,0.0,0.0,0.0,0.0,0.0,0.0,0.0,0.0,0.0,1.0,0.0,0.0,0.0
PRA,0.0,0.0,0.0,0.0,0.0,0.0,0.0,0.0,0.0,0.0,0.0,0.0,0.0,0.0,0.0,0.0,0.0,0.0,0.0,1.0,0.0,0.0
SXT,0.2384380245435477,0.0,0.0,0.6208164880533512,0.02248294521908274,0.22451133182548982,0.3861365919857691,0.08419173685698773,0.0,0.0,0.0,0.0,0.5594729046333426,0.0,0.0,0.0,0.0,0.0,0.0,0.0,1.0,0.47032509899723124
TE,0.1296118298420644,0.15523609464165045,0.0,0.0,0.13933146281419193,0.060343080432948844,0.20094547439619867,0.02660644501481891,0.0,0.0,0.0,0.0,0.8065481911727752,0.0,0.04915677783921296,0.0,0.0,0.0,0.0,0.0,0.47032509899723124,1.0
