Antibiotic_1,Antibiotic_2,Phi,P_value
DO,TE,0.8065481911727752,1.408444454757749e-71
C,SXT,0.6208164880533512,3.84209079189393e-43
DO,SXT,0.5594729046333426,2.3149160154922516e-35
SXT,TE,0.47032509899723124,1.7653333719488727e-25
CFO,CFT,0.45431701177943634,6.965606532499865e-24
CFT,SXT,0.3861365919857691,1.0814721045974384e-17
AM,AMC,0.3728411336994311,1.3394057825638805e-16
AM,CF,0.35594764830960135,2.896159477598747e-15
C,CFT,0.27855665106182287,6.46375457538356e-10
AM,SXT,0.2384380245435477,1.2311386497548476e-07
CFO,SXT,0.22451133182548982,6.361639898998232e-07
CFT,DO,0.22352760450445014,7.119247377206115e-07
CFT,TE,0.20094547439619867,8.304245360942464e-06
AM,CN,0.17605005983364655,9.423347769625972e-05
